{"metadata":{"asset_id":"cdbf07b2-75ae-422c-ae4c-e7bbcd9e2168","asset_attributes":["data_asset","location_definition"],"name":"Train_data .csv","asset_type":"data_asset","created_at":"2025-08-04T16:16:40Z","origin_country":"us","owner_id":"IBMid-695000Q1GC","project_id":"05e54a31-a8f2-4906-8dda-8ab650137a87","size":3308624,"usage":{"last_update_time":1754324201375,"last_updated_at":"2025-08-04T16:16:41Z"}},"entity":{"data_asset":{"dataset":false,"mime_type":"text/csv"},"location_definition":{"physical_location_code":"SYD","physical_location_code_assigned_by":"IBMid-695000Q1GC","physical_location_code_rds_id":"c57cb90f-2126-3800-9c9f-9eab82021cdf","physical_location_code_rds_version":"00002025-0803-4134-8753-473370000000_1","physical_location_code_assignment_method":"INFERRED","physical_location_code_added_on":"1754324201374"}},"attachments":[{"id":"4c6afe6c-9359-48bb-a4db-af36b614d9f9","version":2,"asset_type":"data_asset","name":"Train_data .csv","mime":"text/csv","datasource_type":"193a97c1-4475-4a19-b90c-295c4fdc6517","object_key":"Train_data .csv","creator_id":"IBMid-695000Q1GC","create_time":1754324201374,"size":3308624,"is_remote":false,"is_managed":false,"is_referenced":true,"is_object_key_read_only":true,"is_user_provided_path_key":true,"transfer_complete":true,"is_partitioned":false,"complete_time_ticks":1754324201374,"user_data":{},"test_doc":0,"handle":{"bucket":"nidml-donotdelete-pr-reliqobntmvaaj","location":"au-syd","type":"bluemix_cos","key":"Train_data .csv","upload_id":"done","max_part_num":1},"usage":{"access_count":0,"last_accessor_id":"IBMid-695000Q1GC","last_access_time":1754324201374}}]}
