{"metadata":{"asset_id":"735fd4f7-bdfb-4380-ad67-5231723fb18a","asset_attributes":["data_asset","location_definition"],"name":"Test_data .csv","asset_type":"data_asset","created_at":"2025-08-04T16:16:55Z","origin_country":"us","owner_id":"IBMid-695000Q1GC","project_id":"05e54a31-a8f2-4906-8dda-8ab650137a87","size":2970445,"usage":{"last_update_time":1754324215863,"last_updated_at":"2025-08-04T16:16:55Z"}},"entity":{"data_asset":{"dataset":false,"mime_type":"text/csv"},"location_definition":{"physical_location_code":"SYD","physical_location_code_assigned_by":"IBMid-695000Q1GC","physical_location_code_rds_id":"c57cb90f-2126-3800-9c9f-9eab82021cdf","physical_location_code_rds_version":"00002025-0803-4134-8753-473370000000_1","physical_location_code_assignment_method":"INFERRED","physical_location_code_added_on":"1754324215861"}},"attachments":[{"id":"a589fea8-60f2-40cc-b39d-c687ec84ac2c","version":2,"asset_type":"data_asset","name":"Test_data .csv","mime":"text/csv","datasource_type":"193a97c1-4475-4a19-b90c-295c4fdc6517","object_key":"Test_data .csv","creator_id":"IBMid-695000Q1GC","create_time":1754324215862,"size":2970445,"is_remote":false,"is_managed":false,"is_referenced":true,"is_object_key_read_only":true,"is_user_provided_path_key":true,"transfer_complete":true,"is_partitioned":false,"complete_time_ticks":1754324215862,"user_data":{},"test_doc":0,"handle":{"bucket":"nidml-donotdelete-pr-reliqobntmvaaj","location":"au-syd","type":"bluemix_cos","key":"Test_data .csv","upload_id":"done","max_part_num":1},"usage":{"access_count":0,"last_accessor_id":"IBMid-695000Q1GC","last_access_time":1754324215862}}]}
