{"metadata":{"asset_id":"8ac3a73a-daaf-4b8a-93f6-87a1a83c1199","asset_attributes":["environment"],"name":"autoai-runtime-24.1-py3.11-M","asset_type":"environment","created_at":"2025-08-04T16:54:05Z","origin_country":"us","owner_id":"IBMid-695000Q1GC","project_id":"05e54a31-a8f2-4906-8dda-8ab650137a87","sandbox_id":"05e54a31-a8f2-4906-8dda-8ab650137a87","size":0,"tags":["dsx"],"usage":{"last_update_time":1754326445935,"last_updated_at":"2025-08-04T16:54:05Z"}},"entity":{"environment":{"sub_type":"notebook","display_name":"Runtime 24.1 on Python 3.11 AutoAI-M","hardware_specification":{"type":"referenced","guid":"c076e82c-b2a7-4d20-9c0f-1f0c2fdf5a24"},"software_specification":{"type":"referenced","guid":"45f12dfe-aa78-5b8d-9f38-0ee223c47309"},"tools_specification":{"supported_kernels":[{"name":"python3","display_name":"Python 3.11","language":"python","version":"3.11"}],"notebook_extensions":[]}}}}
