{"metadata":{"asset_id":"4d17664e-8b8e-45d4-aafe-90cfe20eff99","asset_attributes":["notebook","location_definition"],"name":" P3 - Random Forest: NID","asset_type":"notebook","created_at":"2025-08-04T16:57:55Z","description":"","origin_country":"us","owner_id":"IBMid-695000Q1GC","project_id":"05e54a31-a8f2-4906-8dda-8ab650137a87","size":36883,"tags":["notebook"],"usage":{"last_update_time":1754326675834,"last_updated_at":"2025-08-04T16:57:55Z"}},"entity":{"notebook":{"kernel":{"display_name":"Python 3.11","name":"python3","language":"python"},"originates_from":{"type":"file"},"runtime":{"environment":"8ac3a73a-daaf-4b8a-93f6-87a1a83c1199"}},"location_definition":{"physical_location_code":"SYD","physical_location_code_assigned_by":"IBMid-695000Q1GC","physical_location_code_rds_id":"c57cb90f-2126-3800-9c9f-9eab82021cdf","physical_location_code_rds_version":"00002025-0803-4134-8753-473370000000_1","physical_location_code_assignment_method":"INFERRED","physical_location_code_added_on":"1754326675833"}},"attachments":[{"id":"96cc90d1-6451-400a-9d02-6ad65dd4ae2a","version":2,"asset_type":"notebook","name":"attachment for notebook 4d17664e-8b8e-45d4-aafe-90cfe20eff99","description":"attachment for notebook 4d17664e-8b8e-45d4-aafe-90cfe20eff99","mime":"application/json","datasource_type":"193a97c1-4475-4a19-b90c-295c4fdc6517","object_key":"notebook/autoai_notebook_99df65aa-619b-4630-bb2b-4a4f1cde1c19_P3_1754326674729.ipynb","creator_id":"IBMid-695000Q1GC","create_time":1754326675834,"size":36883,"is_remote":false,"is_managed":false,"is_referenced":true,"is_object_key_read_only":false,"is_user_provided_path_key":true,"transfer_complete":true,"is_partitioned":false,"complete_time_ticks":1754326675834,"user_data":{},"test_doc":0,"handle":{"bucket":"nidml-donotdelete-pr-reliqobntmvaaj","location":"au-syd","type":"bluemix_cos","key":"notebook/autoai_notebook_99df65aa-619b-4630-bb2b-4a4f1cde1c19_P3_1754326674729.ipynb","upload_id":"done","max_part_num":1},"usage":{"access_count":0,"last_accessor_id":"IBMid-695000Q1GC","last_access_time":1754326675834}}]}
