{"metadata":{"asset_id":"b2b684fb-adf0-4137-8170-9a6cf7855659","asset_attributes":["wml_pipeline"],"name":"NID","asset_type":"wml_pipeline","created_at":"2025-08-04T16:18:35Z","origin_country":"au","owner_id":"IBMid-695000Q1GC","project_id":"05e54a31-a8f2-4906-8dda-8ab650137a87","sandbox_id":"05e54a31-a8f2-4906-8dda-8ab650137a87","size":0,"tags":["dsx-project.05e54a31-a8f2-4906-8dda-8ab650137a87"],"usage":{"last_update_time":1754324315086,"last_updated_at":"2025-08-04T16:18:35Z"}},"entity":{"wml_pipeline":{"document":{"doc_type":"pipeline","pipelines":[{"id":"autoai","nodes":[{"id":"autoai-ts","op":"kube","parameters":{"compute_pipeline_notebooks_flag":true,"del_on_close":true,"n_parallel_data_connections":4,"one_vs_all_file":true,"optimization":{"customized_pipelines":[],"feature_columns":["class","duration","src_bytes","dst_bytes","land","wrong_fragment","urgent","hot","num_failed_logins","logged_in"],"future_exogenous_available":true,"gap_len":0,"holdout_param":20,"imputation_threshold":0.25,"imputer_list":["FlattenIterative","Linear","Cubic","Previous"],"learning_type":"timeseries","lookback_window":-1,"max_num_daub_ensembles":3,"num_backtest":4,"output_format":"json","pipeline_type":"all","prediction_horizon":1,"target_columns":["class"],"use_imputation":true},"output_logs":true},"runtime_ref":"autoai","type":"execution_node"}],"runtime_ref":"hybrid"}],"primary_pipeline":"autoai","runtimes":[{"app_data":{"wml_data":{"hardware_spec":{"id":"a6c4923b-b8e4-444c-9f43-8a7ec3020110","name":"L"}}},"id":"autoai","name":"auto_ai.ts"}],"version":"2.0"},"ml_version":"4.0.5"}}}
